residence_id,capacity,number_of_beds
1803,4,1
3303,2,1
2773,3,4
4211,4,4
910,4,5
1264,2,5
645,4,3
4721,3,1
3555,4,3
2501,2,5
2292,4,4
3788,2,2
4689,4,5
4306,3,2
890,4,5
2940,2,5
3889,1,1
3995,1,4
4619,3,3
1294,3,5
132,1,1
3081,4,1
4191,2,3
2798,3,5
3584,3,3
2001,2,2
2106,3,2
321,4,3
1198,4,1
4607,4,2
2331,1,5
3321,3,1
689,3,1
13,2,5
1413,3,5
817,4,2
45,3,4
3929,4,5
115,3,3
2933,3,1
4029,4,3
30,2,4
4894,4,3
1463,1,2
841,4,1
4646,4,2
1823,3,4
3081,1,4
4176,2,3
3450,2,1
326,3,4
1446,2,3
86,3,3
286,4,4
2330,4,5
4437,3,4
2055,2,5
2156,2,5
106,2,4
298,3,5
4978,3,4
2976,1,4
1188,1,3
4255,1,3
1385,2,4
940,3,3
1695,2,1
4944,3,4
843,1,2
3741,1,1
1533,4,1
4572,4,3
3895,3,2
2039,3,3
178,4,5
3394,1,5
2797,4,5
2646,1,5
3422,4,4
163,3,2
631,4,4
3576,3,2
3504,2,1
2934,1,1
1169,4,2
695,1,3
820,1,4
1067,4,4
2799,3,2
2175,3,3
844,1,2
2368,1,4
4211,1,2
1794,3,2
1374,3,2
3548,3,3
1123,4,1
4760,1,2
257,4,3
3103,1,4
1122,2,5
3239,1,4
4689,2,3
534,1,4
3876,2,3
2183,4,5
2247,1,2
2709,4,5
2363,1,3
3509,3,5
4366,1,2
1580,3,5
3560,4,5
2598,2,2
666,2,4
4159,3,3
1929,2,3
4633,2,5
4375,1,2
603,1,3
4341,1,5
4014,3,4
1853,4,3
3803,1,3
1616,4,1
2411,2,5
3327,4,5
695,2,1
4325,2,4
3730,3,5
3397,4,1
2473,3,4
2652,1,5
1582,4,1
3143,2,2
3820,4,3
2337,4,4
4109,1,1
158,3,2
4353,1,1
71,2,2
4362,1,1
4093,3,4
2685,2,4
837,2,3
4148,1,4
4800,4,2
859,1,1
430,3,1
1164,2,1
3837,4,4
933,2,2
4507,4,4
1842,3,2
4669,2,3
2314,4,2
246,2,4
1784,1,1
441,2,3
765,2,3
2942,2,3
701,3,3
1806,4,3
3773,2,1
1506,4,3
4231,4,3
458,1,1
274,1,3
4835,2,3
3949,1,3
2750,1,5
4747,1,2
765,4,2
3071,3,4
3546,1,4
2202,2,5
1446,4,3
1016,1,3
1068,2,1
3500,3,4
3761,1,5
1032,2,3
2018,2,2
1707,2,2
4749,2,1
3874,1,1
3800,4,1
289,4,3
2507,4,3
2423,4,2
233,3,2
3052,4,4
1855,2,2
4839,3,4
155,3,3
1089,3,5
1686,1,5
1529,3,1
3330,1,1
2485,4,1
4138,2,1
4345,4,3
3684,2,4
4541,4,3
3842,4,2
2013,1,5
1953,3,5
4049,4,3
1441,4,4
759,3,3
3904,2,4
2097,1,4
2705,4,1
4251,1,4
1225,3,4
1219,1,4
131,2,5
4908,1,3
3926,2,4
4348,3,3
326,4,2
2501,1,4
999,4,2
1405,2,5
3914,1,4
3251,2,4
830,1,5
3637,1,2
4122,1,2
2113,4,3
426,3,5
2651,4,3
4385,1,4
3373,2,2
2435,1,5
2775,4,4
17,4,5
3736,1,3
4279,2,5
2485,3,5
2785,3,1
1856,3,4
290,4,1
1543,4,1
713,2,3
1320,2,1
1557,1,1
953,1,1
3595,3,5
320,3,2
675,2,2
1682,2,4
1362,4,1
4860,3,5
3270,3,4
4813,4,4
1371,2,2
4739,2,1
1781,1,3
2145,3,1
391,2,4
724,2,2
408,1,1
2443,1,4
569,3,1
1277,1,2
1179,2,3
1975,1,2
2316,4,5
1072,1,4
3966,4,2
3139,4,5
69,4,3
1984,3,4
178,1,1
617,1,1
1231,2,3
428,3,4
552,4,4
2912,3,1
3888,1,5
207,1,1
4465,1,2
3396,4,1
295,1,2
4029,3,2
457,3,2
1912,3,5
3499,2,4
938,4,5
3335,2,5
4401,2,3
3662,2,1
206,4,5
3007,4,1
3380,3,5
277,1,4
1885,1,4
330,4,4
2744,4,5
4391,3,1
870,4,3
4155,1,5
984,4,4
2058,1,4
4978,1,4
3529,4,1
3900,3,4
3776,1,5
452,3,1
1525,3,5
127,1,3
1910,2,1
3452,3,4
4071,1,2
3618,3,3
4082,2,3
3958,3,2
4313,2,2
2830,1,3
4453,4,3
4928,1,2
3305,1,5
1933,4,4
1071,1,1
2121,1,2
3133,4,4
3087,4,5
621,3,1
1478,2,4
3535,2,3
2622,1,1
3536,2,5
343,1,3
3131,4,1
3508,2,4
1637,1,3
2089,2,2
4970,3,5
1141,4,5
549,2,3
4464,3,3
3411,1,5
284,2,1
2226,1,1
995,3,2
1186,3,4
603,4,4
16,1,4
731,2,1
616,3,1
2149,2,4
321,1,1
1489,4,1
146,2,4
1448,1,5
2822,2,5
2435,3,4
2183,3,4
3702,2,4
1258,3,4
2862,2,4
2615,4,1
4226,3,2
1451,1,1
633,1,3
247,4,4
1963,3,5
2639,4,3
698,4,1
586,3,2
1215,3,5
1943,1,3
905,3,3
1148,4,2
2752,2,4
2973,4,4
1188,3,3
2885,1,1
4161,3,4
3578,2,5
2022,3,3
3508,3,4
2656,3,4
4786,2,4
528,2,4
3956,2,1
1020,2,1
2495,2,4
4312,1,4
1004,2,4
2123,3,1
2174,1,3
2333,3,4
4372,4,1
1437,2,1
1886,4,2
3449,4,2
3526,2,1
2501,3,5
2848,4,4
3646,4,4
3737,3,3
196,1,4
1182,4,2
4064,3,5
4206,2,5
4171,4,3
3530,1,3
1872,4,4
3406,1,5
752,2,4
540,2,4
3634,4,4
484,2,3
2813,1,2
2624,2,2
1260,1,3
3254,3,5
2389,2,4
149,3,5
3972,4,1
3779,2,2
2229,1,4
3483,1,4
796,1,5
2207,2,2
4868,4,5
1799,1,5
4120,3,1
1959,2,5
4154,1,1
239,4,3
1326,3,5
1978,3,5
2962,2,3
223,1,3
3018,1,3
3212,2,5
1032,3,4
3507,4,2
2708,2,4
3990,4,1
559,2,1
523,3,5
73,1,5
4734,2,1
2187,1,2
4816,3,3
1113,3,1
1356,1,1
134,1,3
3743,3,2
1708,4,1
2479,2,1
4706,1,1
1930,3,2
4677,1,4
789,2,4
3373,1,5
3723,1,5
3004,2,2
1333,2,2
1948,4,4
494,1,5
3288,4,5
4745,1,5
3599,2,4
939,3,1
2278,2,1
4216,3,4
3497,3,1
2186,3,1
636,1,4
955,4,5
93,2,2
2472,2,4
4288,3,3
1949,1,1
2184,3,3
1052,3,1
2517,4,2
4780,4,1
2260,1,3
2329,1,4
1250,1,3
4057,3,1
1597,2,4
3279,1,4
275,2,4
3668,3,5
4531,2,2
4173,1,5
558,1,2
1456,1,2
3823,2,5
1970,1,5
3018,3,4
2827,1,2
2166,3,5
4811,4,1
315,4,5
1046,2,5
4697,3,5
1906,1,2
3388,2,1
4089,3,4
2844,1,1
887,2,1
2146,1,1
2351,2,1
2511,3,2
3099,3,5
4104,3,2
743,4,2
1564,3,3
2381,4,1
144,2,3
4823,3,1
3675,2,2
1392,4,2
960,3,2
1779,1,1
2489,3,2
2578,2,4
3681,1,2
2542,3,5
2207,4,1
195,2,1
2129,4,5
3322,1,2
896,4,1
1855,3,4
4517,4,5
3834,1,2
2509,1,1
551,4,1
8,3,4
2413,1,1
2138,4,3
4748,3,3
3,3,2
4890,4,2
2377,2,5
653,4,1
4118,2,5
4070,3,2
465,1,4
1232,2,4
4241,3,2
35,2,3
2047,1,5
1477,1,3
1128,3,1
3816,1,3
479,2,2
4596,1,2
4048,1,3
3371,1,4
4145,1,3
2122,4,1
2985,2,3
1330,4,2
2767,1,1
2944,1,5
4292,3,4
2716,4,4
1206,1,4
1197,4,3
899,1,2
2165,1,5
1888,4,1
417,1,1
2459,3,5
3573,4,1
3163,1,5
1755,2,1
1889,4,1
3929,1,2
1062,3,2
964,3,4
4712,2,2
2009,2,3
2165,4,4
3106,1,3
141,2,2
2839,2,3
1070,2,3
4995,4,2
3742,2,5
376,4,1
936,2,4
2779,1,1
402,3,3
2596,2,4
521,1,1
3748,3,1
4965,4,3
224,2,5
4131,4,1
4078,4,3
3773,3,4
112,3,3
3285,2,5
727,2,1
251,4,5
718,3,3
109,1,1
4338,4,1
980,2,3
2298,3,4
4916,2,3
1319,3,2
3666,2,3
1713,3,2
2192,2,1
1268,2,3
363,1,4
244,4,2
950,2,4
2546,4,5
4154,2,2
3347,4,5
1096,2,4
1067,2,2
294,4,4
2613,3,3
3518,4,1
3115,1,3
3715,4,4
4007,1,2
3539,4,1
4381,3,3
4222,2,5
1647,3,4
1248,3,5
4451,3,5
3932,1,1
1735,4,2
3436,2,4
3265,4,4
2440,1,4
1646,3,3
2704,4,3
553,2,5
4301,3,2
816,1,4
4706,3,1
3072,3,4
2869,2,4
2778,4,2
1057,1,5
3517,3,4
295,3,4
2018,3,2
3860,1,4
1172,4,4
3766,3,3
278,2,2
1178,1,4
3800,1,3
3034,2,3
4974,2,1
1,1,2
2013,2,4
1737,2,5
1163,3,5
3334,1,4
4243,3,5
2960,3,4
3577,3,2
269,2,1
3387,4,1
3175,2,5
975,1,5
4848,2,3
3869,3,2
440,3,3
2821,3,1
2986,1,4
1629,3,4
1047,1,1
4207,4,2
4704,2,1
211,3,5
2074,2,1
4235,2,3
3830,3,3
2137,1,5
341,1,4
4201,1,4
4879,2,1
1539,1,4
4252,1,5
1090,1,1
1492,1,2
2880,2,4
4636,4,4
549,1,2
626,1,3
1762,4,1
3343,1,2
1869,2,4
2446,2,3
4160,2,2
4751,4,2
602,3,3
4980,4,2
3523,4,1
592,2,3
3948,2,2
3586,4,4
668,1,5
2993,2,5
4080,1,4
374,2,2
2610,3,1
2874,2,3
1810,4,3
4395,1,1
1867,1,3
637,3,3
1594,4,4
829,1,1
4664,3,2
864,3,1
4982,2,4
1329,3,1
4559,2,4
3333,2,3
643,2,2
23,2,3
3659,4,4
1537,4,3
805,4,5
4380,2,2
3874,4,2
3884,3,3
971,2,5
3510,3,5
4813,2,3
1776,3,5
3873,2,1
78,4,1
4729,4,5
4415,1,2
2699,2,5
3943,2,4
2879,4,4
1257,2,5
2364,4,5
1727,2,1
2731,1,4
537,2,3
3989,4,2
893,3,4
1278,1,3
2246,4,1
1072,3,5
3571,4,5
3214,1,2
4089,4,3
343,2,2
252,2,4
1763,4,5
1797,1,4
4086,3,4
139,2,5
4296,2,4
1425,4,4
4940,4,2
2196,4,5
44,2,4
98,2,5
1063,1,1
1783,3,1
4078,3,4
3322,2,5
1846,4,4
4595,4,1
4207,1,3
4739,1,2
1169,1,4
930,4,4
1279,4,5
4881,1,1
351,3,5
3438,2,5
705,3,1
3201,1,2
1897,4,4
1355,1,4
15,2,3
4218,2,5
3592,3,2
2182,4,2
2477,2,3
720,3,1
3237,4,4
2315,3,1
1950,4,2
3898,3,4
1515,3,5
2137,4,2
1794,2,3
2512,4,5
17,2,3
3101,1,2
4522,3,2
3,4,3
2717,2,2
4298,1,1
4669,4,3
4709,3,2
1795,2,2
1175,2,2
2974,4,5
1583,2,3
2770,2,1
3403,2,3
874,4,5
3872,1,3
4559,4,3
4520,3,1
1031,2,1
2998,2,2
3394,3,5
1350,4,5
1046,3,3
118,3,2
3749,4,4
4794,1,5
3203,4,3
4597,4,4
3985,3,1
3229,4,5
4743,2,2
738,2,5
2209,2,5
2474,4,1
4008,2,5
890,2,4
3395,3,1
3935,2,4
1625,2,5
4670,2,4
3722,4,1
1466,3,5
305,2,4
1094,2,5
4390,2,3
4487,4,2
3142,1,3
4392,3,2
2483,2,3
403,4,3
2779,3,5
567,3,2
3424,4,1
1835,2,2
3556,1,2
917,3,4
3620,4,3
125,4,2
1490,1,3
3508,1,3
3326,2,1
3668,2,2
2964,1,2
1841,1,3
4468,3,5
1267,2,5
1887,2,2
4555,2,5
4814,4,3
320,4,4
3179,3,3
4432,3,1
44,3,5
360,3,5
90,4,5
2754,3,5
148,4,4
1149,1,5
4191,4,2
3753,4,5
4309,2,1
4320,2,4
1492,3,5
3574,2,4
923,3,4
2359,4,2
1064,1,2
3602,2,1
245,4,1
4956,4,5
1962,1,1
1824,4,5
3794,2,4
3623,3,5
3647,4,2
3924,1,5
4640,4,1
2423,3,3
3537,3,4
1994,4,3
3182,2,4
4743,3,5
861,1,3
679,1,3
1440,4,2
2953,4,3
1682,3,1
3416,1,1
863,1,5
364,2,1
1134,2,4
877,1,3
2417,3,4
4604,2,3
230,1,5
455,1,2
3069,4,3
572,3,2
751,4,2
655,1,3
1367,2,2
1747,2,3
4417,4,4
3311,2,5
3301,3,4
36,3,3
4510,3,1
2258,3,5
1117,2,1
3963,1,5
4098,1,2
866,4,3
1653,3,4
2914,2,5
1088,4,5
576,2,3
3713,1,2
2976,2,1
2432,4,1
4533,4,3
328,2,3
2984,4,1
3854,4,1
3929,2,3
3111,2,2
1383,1,4
2527,3,5
3183,4,4
3852,3,1
4278,1,4
711,1,5
1117,4,4
3027,4,4
2433,1,4
1060,2,2
4885,3,2
4735,4,3
4209,3,3
3127,1,2
3607,3,4
3544,1,3
3699,3,4
1283,4,1
811,1,5
746,4,5
792,3,3
567,2,2
216,3,3
1979,2,5
119,3,4
2322,3,5
2237,4,2
1073,3,5
472,1,2
674,2,3
576,3,1
2597,1,3
2641,4,4
3296,1,5
3603,2,3
4735,1,1
3409,3,4
4544,1,4
146,3,2
2945,2,5
140,4,1
1688,2,1
1234,1,2
3259,4,2
2100,2,4
4087,2,4
4050,3,4
3978,2,4
3388,4,3
2274,2,3
304,2,5
1953,1,2
7,2,3
2732,4,1
2710,1,4
2509,4,1
2084,1,3
1354,4,4
3141,4,5
4481,2,4
207,3,4
3686,2,4
4405,3,3
341,4,5
1628,2,3
2605,1,5
4965,3,1
4344,1,1
4289,2,1
4776,3,4
3100,4,2
3125,1,3
4750,4,5
4892,2,4
4761,4,3
1186,2,5
1733,2,3
228,1,4
300,4,4
2663,1,3
2516,1,5
1571,3,2
2276,3,4
3127,3,1
4204,4,3
1574,2,2
3060,3,1
3877,3,4
766,4,3
4017,4,3
742,2,4
4336,3,3
1919,3,5
2756,3,1
3323,4,4
4221,1,3
2124,2,2
1340,4,2
4758,2,5
920,1,3
2032,2,3
1830,3,1
3110,1,3
2647,4,3
2958,4,5
1437,4,5
2461,3,3
4352,1,4
592,1,3
3802,3,4
4617,2,5
1341,3,2
3956,4,3
3450,4,1
2101,4,1
3413,4,4
2528,3,1
1899,3,1
1174,1,1
4812,2,1
1635,1,5
2473,4,1
1332,4,1
4564,3,1
2126,4,2
3552,1,1
2636,2,2
757,2,1
2295,2,4
3483,3,4
3926,1,1
1648,1,4
3040,2,4
1877,1,4
4589,3,3
3656,2,4
793,1,3
4363,3,5
4266,2,4
1870,2,2
2087,3,4
370,1,4
1707,1,1
2922,2,2
4888,4,2
3319,3,5
2923,2,1
707,2,3
1791,3,2
3131,3,2
1991,1,3
102,4,2
4885,4,3
2451,1,5
2141,4,5
4537,3,2
3012,3,3
1914,1,1
2983,3,1
1464,2,1
4677,2,1
2211,4,4
4387,2,3
1886,3,1
325,3,1
3739,2,3
640,3,3
4623,1,3
3026,4,3
709,2,1
1295,3,4
3714,2,4
2105,3,1
3419,2,1
1119,2,2
1234,3,2
941,3,1
2694,3,4
2410,1,4
3379,2,4
4828,3,4
4824,3,5
1491,1,1
3583,2,3
3302,1,1
888,3,3
4588,4,1
1696,2,4
3053,2,4
2237,2,3
1987,2,2
2386,3,4
3184,1,4
2992,4,1
3984,1,4
787,1,1
2549,4,2
3378,3,3
560,4,2
2765,1,2
56,2,3
2003,2,5
4142,3,2
3832,2,2
2761,4,2
4213,4,1
3906,4,5
2508,1,3
4309,4,4
4639,4,3
740,3,4
1,4,1
4642,3,5
3300,1,1
1717,1,3
2161,4,4
1027,1,1
2583,2,3
3603,3,2
2964,3,5
2320,4,5
1832,4,5
4254,2,1
424,4,4
1946,2,2
183,2,3
2221,4,1
1316,4,3
612,3,5
1990,2,5
1653,4,1
254,3,5
3995,3,2
578,1,3
4508,3,2
4415,4,5
4750,1,3
1180,4,5
1601,4,3
2977,4,4
176,3,4
2837,3,3
2133,3,2
2747,3,5
2609,1,2
4232,3,5
3732,1,4
1911,4,3
4342,2,3
3512,2,2
1414,1,4
3295,3,5
2879,3,5
3032,4,5
1519,1,4
4196,4,5
1583,3,1
4937,2,4
1046,4,5
411,1,5
871,3,3
380,2,1
2690,3,1
1184,3,5
86,4,1
4693,4,5
2702,3,1
3606,4,4
1709,1,3
4280,3,5
1834,3,1
4971,3,2
33,1,3
1724,2,4
2434,4,2
1774,4,2
1254,3,3
1534,2,1
4356,4,2
1476,2,1
1124,3,1
4910,2,3
49,3,4
1017,4,4
4877,2,2
3126,2,4
1600,2,2
181,2,1
1223,1,5
4047,2,5
1615,3,4
2329,2,5
3980,2,3
3293,2,4
4431,1,4
198,2,4
2016,2,4
1678,2,4
2222,3,4
1328,3,4
644,1,5
1035,4,4
4585,1,1
2130,4,3
5000,3,4
4191,1,5
1599,1,3
2797,1,3
3715,2,5
4325,3,1
3030,4,3
1495,4,5
1255,2,4
2390,1,2
3949,3,5
3134,3,5
554,3,2
1729,4,2
1882,3,2
2550,2,4
2537,4,2
2087,4,5
4155,2,1
2066,2,2
1132,2,2
854,1,1
1857,2,5
3019,3,5
2935,3,2
1467,4,4
3707,1,3
3190,3,4
779,1,2
3441,3,1
4797,4,5
3996,2,2
3057,2,2
2084,3,5
353,1,1
4143,1,5
66,3,2
3187,2,1
9,3,4
2558,4,4
3145,3,2
3963,2,2
703,4,5
1041,1,1
3692,2,4
2550,1,4
3991,3,3
4455,4,2
4187,1,5
931,3,3
4018,3,3
2581,4,5
4742,2,5
1125,3,4
3400,4,5
3527,1,3
3098,1,4
2317,2,4
2515,3,2
2204,1,4
3174,2,1
4325,4,1
1843,1,1
211,1,3
4760,3,1
1058,1,5
2262,4,5
2204,3,1
4908,4,3
2770,1,4
4433,1,3
825,2,1
2365,3,3
4162,4,2
4741,3,2
2441,3,1
806,2,2
2202,3,3
3428,1,3
2987,4,3
2937,2,5
1070,3,3
3801,2,2
3435,1,1
281,3,3
3928,1,2
3074,2,3
4684,4,2
4348,4,5
901,1,3
2236,4,4
2540,3,4
4274,1,2
183,4,4
2535,1,1
3057,4,4
574,2,4
2998,1,2
4535,1,5
2669,2,1
512,1,1
560,1,5
869,2,1
3853,2,4
167,2,3
1441,1,5
3731,2,3
1021,1,5
1147,1,1
1196,4,4
2556,4,5
978,1,5
1127,4,4
946,4,3
1868,1,4
1656,3,4
900,1,1
3955,2,5
771,2,4
3558,4,3
4918,2,2
32,1,3
1168,1,2
1539,2,1
2449,4,2
4118,1,1
2331,2,5
2154,3,4
1768,1,5
1789,4,4
2251,4,3
3366,1,3
4355,2,5
1427,4,5
541,4,5
197,3,5
898,2,1
372,4,3
4579,1,5
3818,4,4
481,1,4
1382,1,2
862,2,2
2547,1,1
2649,1,2
2576,1,3
3126,3,1
3582,2,5
398,4,5
49,4,1
4344,2,1
2514,4,4
2625,3,4
589,3,1
170,2,3
2801,2,5
768,2,2
4011,4,5
1231,1,4
3259,3,5
287,3,1
1434,1,2
3537,1,4
2230,2,3
3513,4,2
4508,4,4
1670,1,3
684,4,5
2383,3,1
3920,4,2
1482,1,1
3605,3,4
4719,2,3
3145,2,2
1056,2,4
4714,3,2
607,3,4
2263,4,2
1395,4,2
2446,1,1
4500,1,5
3916,3,3
2934,3,3
3351,2,5
779,4,5
4881,4,1
418,2,5
1996,2,3
4177,1,2
4832,3,5
821,3,3
4186,1,4
1583,1,5
3833,4,3
2217,3,1
4875,4,4
881,2,1
4448,2,3
1785,1,5
1689,3,3
1114,4,3
3994,2,5
3824,2,5
4427,4,4
2625,4,4
4012,1,2
4147,2,1
4126,4,1
514,1,3
2056,3,4
4262,2,5
2633,3,5
1633,1,3
964,2,3
3079,4,5
3206,2,1
2643,2,1
789,1,1
2316,3,2
3135,1,5
4053,1,3
2071,2,5
3239,3,4
1323,2,2
4263,4,2
1879,1,1
1514,4,5
4993,4,5
1976,2,5
4337,3,4
858,4,3
4433,4,2
4153,1,1
250,1,2
3288,3,4
1526,1,4
867,3,1
2306,4,2
1882,4,2
929,2,4
2211,1,1
1767,2,3
653,2,3
1907,2,4
4003,4,2
613,2,2
4911,2,3
859,2,1
2476,4,1
1856,2,1
4667,4,5
2033,2,2
511,1,1
38,3,3
3776,4,4
4237,2,1
81,2,3
3989,1,5
2675,4,1
1514,1,1
2343,2,2
4814,1,5
2082,4,2
4046,1,1
834,3,1
2680,3,3
1999,2,1
4759,1,2
350,4,5
4610,4,2
4895,2,1
377,1,1
2275,1,1
2015,4,4
53,2,4
1963,1,5
4926,2,2
392,2,3
288,3,3
1454,4,1
1840,1,2
1228,3,2
3061,2,5
3440,4,3
2808,3,2
2072,1,3
3068,3,2
1212,1,3
727,4,1
4371,2,1
601,1,2
1544,4,4
1464,4,1
1217,3,1
2486,1,4
4806,2,1
2745,4,1
4138,3,3
986,4,5
4567,4,3
4519,4,3
1105,2,1
172,4,5
4794,2,4
2475,4,1
2361,4,2
640,2,2
36,2,3
2770,3,4
1064,3,4
82,2,1
4072,4,3
4289,1,1
1586,3,3
1790,3,3
2177,3,5
2851,3,1
2122,1,1
37,1,5
4872,3,4
3384,2,3
4654,2,2
1482,3,1
2023,4,2
1576,1,2
185,2,1
4076,4,1
1941,2,3
531,3,1
1876,3,2
257,2,4
388,2,2
798,2,3
1827,4,5
1965,3,2
2005,3,5
4414,1,5
2731,4,2
4471,4,4
160,2,2
1115,4,1
3767,3,5
2006,4,3
4461,4,2
1842,4,2
3529,2,5
4787,4,1
2805,1,5
80,1,4
4319,2,5
1994,3,5
2250,3,1
1021,3,1
4922,3,3
472,2,4
1758,1,4
1837,1,4
2243,2,5
1788,4,5
1671,3,1
2328,2,1
433,4,4
191,4,3
4616,4,1
4734,1,3
2412,4,3
4724,3,1
2534,4,2
3587,1,3
1187,4,2
2150,1,1
4252,4,2
3031,1,3
4342,1,3
4821,1,2
122,4,2
80,4,2
3679,1,4
1978,2,3
352,4,2
1844,2,3
1740,3,4
2210,4,2
2212,4,1
3456,3,2
3385,4,3
3578,4,1
4403,4,3
4165,3,2
4054,4,3
1108,3,4
3465,2,3
152,2,1
2542,1,1
4114,1,2
2430,3,5
3746,3,5
1852,3,2
3674,1,5
4963,1,2
2407,4,3
1061,4,1
400,2,4
3890,4,5
1605,2,5
3072,2,4
2892,4,1
1180,1,5
88,1,3
1470,2,1
3902,1,1
3948,4,2
2302,3,1
906,2,2
1802,4,4
4196,3,3
513,4,4
2090,3,1
3262,3,4
441,4,2
1487,4,2
3847,1,1
3049,3,3
4655,3,2
2593,2,4
4546,2,4
1942,3,1
4951,3,2
3920,2,4
1853,2,5
3700,2,5
2112,3,2
65,1,5
4699,2,2
803,4,1
3894,1,5
4328,3,2
735,2,1
2592,4,1
664,1,3
1563,3,3
501,4,4
3584,1,4
1156,4,4
3878,1,1
2800,2,1
914,4,3
4055,4,2
3443,4,2
3061,1,3
2587,4,4
1722,2,1
3763,4,5
3038,4,4
539,1,3
1623,1,5
4748,1,4
1509,4,3
662,4,4
2951,3,3
958,2,1
893,1,4
2172,2,1
2926,4,5
4601,4,5
4018,1,5
288,2,1
1251,2,3
957,3,2
2040,2,1
1229,3,4
1734,1,2
2737,3,4
2779,4,2
4167,3,3
4813,1,1
2959,4,3
448,3,5
3224,4,4
3318,2,2
4624,1,1
4867,1,5
3472,1,4
2487,3,2
1557,2,4
2300,2,4
111,3,3
1942,1,5
2107,2,2
2669,4,2
2823,4,3
1409,3,5
4954,1,4
4351,3,3
315,3,3
2428,2,4
858,2,2
1052,2,5
342,3,1
3394,2,4
4301,2,3
608,3,3
185,3,3
3021,1,1
4893,4,2
2792,3,2
669,4,5
2736,1,1
1556,2,1
2205,3,3
4661,4,2
2965,1,3
1082,2,2
2672,1,4
1475,1,5
384,3,2
4523,3,4
4060,4,1
2380,3,5
4107,2,4
4250,1,3
2607,4,5
825,3,5
4141,1,3
4678,2,5
3545,4,3
3692,1,4
988,2,2
3434,2,1
1257,4,4
3961,1,3
3698,2,4
1747,1,3
2305,4,5
4637,1,3
4205,1,1
4858,4,5
3127,2,2
4238,1,5
271,1,4
164,2,1
682,2,2
2120,4,3
3074,3,2
4568,1,5
3664,2,3
332,4,5
1800,4,4
2443,4,2
583,1,1
3441,2,1
799,1,4
2629,3,3
4206,1,1
3223,4,1
660,1,4
3790,3,5
536,4,4
2216,3,1
1816,3,2
4277,2,2
3925,3,1
1501,4,2
117,2,1
3414,1,3
1851,3,2
2295,3,5
2767,2,4
2830,4,1
670,4,1
1689,4,3
1233,3,4
1826,3,5
4167,1,1
4094,3,4
584,3,1
3180,3,2
2178,4,4
1688,3,4
1121,3,2
2868,3,1
4423,1,5
1354,1,1
3985,2,4
4774,2,4
638,2,5
1698,1,1
1766,3,2
3667,3,4
4436,4,5
2213,3,5
1393,1,5
1548,3,5
4342,3,5
2688,1,2
3794,4,1
4973,1,3
2531,1,2
4083,1,3
4590,3,3
24,3,4
2345,1,5
4874,2,4
3528,4,1
3387,3,1
4689,3,1
209,2,4
4080,4,1
4737,1,5
2214,1,2
4141,3,2
722,1,5
2169,4,4
4620,3,4
4777,1,2
2919,3,5
1335,2,1
626,4,5
1347,2,3
890,1,4
4185,2,5
2610,1,2
4171,1,2
2545,2,5
1089,2,1
494,3,3
2057,4,4
4140,2,2
2200,3,5
4665,4,5
2208,4,4
3992,1,3
3375,1,1
3055,4,4
974,2,1
1060,4,2
488,2,2
2960,2,1
3970,2,1
4553,4,2
1488,4,3
2078,3,2
3819,2,5
3358,1,4
4808,3,1
1416,4,1
2781,3,1
1330,2,3
2467,4,4
1198,2,4
4087,4,1
712,1,3
524,1,1
1122,4,1
4804,3,1
1105,1,1
2117,2,2
318,1,2
684,1,5
3197,3,3
3219,2,4
4150,2,4
792,4,5
63,4,5
4254,4,3
3520,4,5
4465,3,5
4028,3,1
1867,2,4
552,3,1
4377,3,2
532,2,1
2131,3,2
727,3,1
3586,3,4
4808,4,4
687,2,5
2088,3,2
2990,4,3
817,1,4
1022,3,3
4581,3,4
4384,2,5
2076,2,2
2740,3,1
1635,4,5
2257,2,4
2884,3,3
4349,3,5
4174,3,2
3625,1,2
544,3,4
482,1,1
55,1,5
952,3,5
817,2,2
3221,1,1
608,1,5
1065,1,3
1586,1,5
2977,3,3
3051,2,4
1902,1,3
2036,2,1
3193,2,3
1818,1,1
3014,4,3
1039,4,4
2335,1,2
2581,1,1
2321,1,3
4503,1,5
1782,2,1
3307,4,5
3949,2,4
4008,3,1
4671,2,1
4733,4,4
4769,2,2
2005,1,1
1338,1,5
1584,1,1
3754,1,3
203,3,3
1593,3,2
816,2,1
305,1,3
4871,3,2
296,2,4
2514,3,3
1917,4,4
1625,1,4
1859,4,4
3503,1,2
4682,1,4
4179,4,4
545,3,2
700,3,1
3655,4,2
2932,1,1
1016,3,4
4851,3,1
4890,2,2
832,3,1
706,3,3
642,1,4
236,4,3
752,1,3
4719,4,1
4946,4,1
2494,2,2
4606,2,3
4222,4,4
2867,1,4
2196,1,5
2121,4,3
1531,2,2
1260,4,2
4452,4,4
2228,2,4
1809,4,4
3447,4,3
3303,4,2
3208,3,1
551,3,4
462,2,2
1965,1,2
1090,4,3
1439,3,5
924,3,2
4907,2,2
2848,3,1
2763,2,4
3484,1,4
2028,3,2
1048,2,4
1807,2,2
1358,1,2
1484,3,4
474,4,3
3084,4,1
4611,3,5
671,1,1
3703,1,1
4239,2,2
2207,1,1
1667,3,5
2265,4,1
4453,2,1
2749,4,5
3756,1,1
2686,2,2
1949,3,3
3815,1,5
2846,4,1
3212,4,2
4547,1,1
1911,1,5
2683,2,1
3786,3,2
4171,3,4
2675,1,3
3441,4,4
1390,4,1
2038,1,2
854,3,2
1988,2,3
2700,1,3
4238,2,4
2665,3,3
1462,2,3
1874,2,4
603,2,2
4330,3,5
3177,1,5
549,4,1
357,3,1
2922,1,2
982,1,1
327,1,4
2977,2,3
2453,4,2
1199,2,3
2850,1,4
3569,4,3
636,2,5
1389,4,1
2945,3,1
4714,2,3
4678,1,5
2268,4,4
4870,2,2
1759,4,1
2264,4,4
2094,4,5
681,4,5
429,1,5
3588,2,4
2095,1,4
2849,4,5
3799,3,3
3535,1,3
976,4,4
1299,2,3
608,4,1
1009,1,5
4045,4,4
2505,3,5
2339,4,1
4965,2,4
1657,1,4
3132,4,1
3981,4,4
936,4,1
4236,4,4
1734,3,5
1103,2,3
3291,3,1
552,2,3
3817,3,1
445,3,3
2468,3,3
1171,4,1
907,4,5
52,3,1
202,1,3
1984,2,3
4691,1,5
4434,3,1
2835,1,3
3651,4,2
1879,3,3
1726,4,4
1701,4,3
4858,2,4
1486,1,2
3161,3,2
4631,1,5
3801,1,3
788,1,1
243,3,2
3921,1,1
3092,4,2
1162,1,5
3562,4,1
2668,1,5
3504,3,3
1812,2,5
476,3,3
1464,1,2
2284,2,3
2544,1,1
2281,4,1
110,4,4
1616,1,4
4639,3,3
4514,4,5
3997,2,3
4397,1,5
366,1,1
1797,2,1
3796,4,4
4219,4,4
682,1,2
4595,3,3
1646,2,1
1801,1,4
3094,1,2
2642,4,1
3315,2,4
1290,3,2
604,2,3
1162,4,3
4340,4,2
3148,3,2
3251,1,2
838,4,4
3002,3,1
1999,4,2
2403,3,3
1195,1,4
4612,4,2
866,1,5
4580,4,5
2450,1,4
454,1,3
42,4,1
2239,4,1
1757,2,3
1411,2,3
3022,1,5
3859,1,5
4698,3,2
4969,2,2
2303,2,5
533,2,2
4617,3,1
308,3,3
3564,1,4
4598,2,3
1191,3,2
4026,4,2
1003,4,3
2885,2,4
4925,4,5
4613,4,5
2905,3,2
319,3,2
3502,4,5
3085,1,5
2353,3,3
845,1,4
465,3,4
2693,2,2
3879,2,3
3417,1,3
4968,3,4
2379,4,4
3808,1,3
2379,3,4
4255,4,5
2111,4,5
4487,2,3
2989,2,5
3986,1,3
4184,2,3
3756,2,5
505,2,5
4034,3,1
3755,1,1
516,3,3
65,2,2
4948,3,5
3487,2,5
2342,3,4
712,3,4
58,1,2
4116,4,2
2487,4,5
4853,4,4
2059,3,3
693,1,3
1715,3,4
3892,3,4
1877,4,4
3368,4,5
3414,2,4
3472,4,4
1053,2,1
2722,4,5
155,4,5
3731,3,1
4796,1,2
2513,2,2
4681,2,5
2139,1,5
3171,3,2
3670,1,5
3137,3,5
2362,3,3
1366,3,3
2067,4,5
4386,4,1
3831,2,4
2094,1,5
1475,2,2
3912,3,1
3895,1,1
1564,2,2
1042,3,1
1720,1,1
172,1,5
4071,4,1
4703,2,4
525,1,5
771,4,3
4999,4,3
2539,3,1
4504,4,1
1177,4,5
4303,2,2
2050,2,1
353,4,1
3697,2,3
3481,2,1
1711,3,2
4365,2,4
4388,3,5
4819,3,1
3551,3,2
3520,3,1
4966,2,1
756,4,1
2730,3,4
2293,4,4
3592,2,3
3799,1,3
120,3,4
3291,4,2
4672,2,1
2010,4,5
1305,4,1
4012,3,1
2727,4,2
1804,2,1
758,3,2
839,4,1
4917,4,3
1397,3,5
127,4,1
2226,3,2
2744,2,5
1413,2,4
2600,1,5
515,4,4
4708,1,4
2332,2,5
2705,1,3
3411,2,3
1884,3,3
1833,3,3
1031,1,4
4898,1,2
3309,3,2
987,4,4
1874,3,2
1860,2,4
4460,1,5
527,4,2
2508,4,1
4370,2,4
4422,4,2
4521,3,1
400,4,3
2900,1,2
3545,3,3
4351,1,1
4115,1,1
2890,1,2
50,4,2
304,4,2
3277,2,2
4158,1,5
1687,4,1
1627,2,2
2132,4,1
3467,1,5
2626,4,2
2715,3,5
1285,1,2
4023,2,5
1875,3,5
1044,1,3
3534,3,3
1247,2,5
2255,2,4
810,1,4
3084,3,1
4159,1,2
3451,1,4
4554,1,2
1846,1,2
130,3,4
3,2,3
2936,2,5
722,2,4
4139,2,2
3329,3,1
4248,1,1
2263,3,5
265,1,5
885,2,1
2427,4,5
1729,2,4
965,3,2
72,1,2
2761,1,2
4681,3,3
2415,2,3
3469,1,4
1510,4,5
3815,4,5
2337,3,4
4626,2,5
762,3,4
2566,1,3
1967,1,1
1679,4,2
2746,3,5
569,2,3
3780,4,5
3380,4,3
1534,1,2
857,1,4
2957,1,2
1900,3,4
4022,3,3
568,4,3
4493,2,4
3911,4,2
1586,2,3
2455,2,3
394,3,5
1713,4,1
772,3,1
3262,4,3
3813,4,1
2653,3,2
1522,4,2
2127,3,2
2372,4,3
1202,1,5
4649,1,4
658,4,1
155,1,1
1328,1,4
1075,2,1
3435,4,3
603,3,1
4150,4,1
1604,1,5
3426,2,1
1171,3,3
142,1,3
1060,3,2
2998,3,2
2301,4,3
3526,3,1
1017,1,5
2169,2,1
3295,2,1
1129,1,5
2435,4,1
3572,3,4
708,2,1
4994,2,5
3316,2,1
4483,3,3
4343,1,5
2279,1,2
3382,4,2
4685,1,3
114,1,2
3656,3,1
3442,3,3
1948,3,2
1310,2,5
2987,1,3
2094,3,3
3073,4,3
4068,2,4
2391,1,1
3786,4,1
2254,3,4
4832,2,5
4599,2,5
3934,3,5
1033,3,5
744,1,4
2924,2,5
556,1,5
4861,3,5
1553,4,2
4050,4,5
3030,2,2
642,3,4
3013,3,2
2529,1,3
1102,4,3
454,2,3
453,1,1
1400,1,5
541,1,4
3937,4,1
4498,2,4
3771,3,4
1841,4,3
4326,4,2
1827,2,2
2745,1,1
876,3,2
2225,3,3
4041,3,2
3494,1,3
56,1,1
3786,1,3
4854,3,4
1092,2,4
462,3,5
4945,2,4
1313,4,2
3196,4,1
1486,2,3
516,2,2
4045,2,3
1902,4,1
1429,4,4
4305,2,2
1211,4,1
4134,3,4
4272,4,4
4775,4,3
3268,1,1
3269,4,1
938,1,5
3873,3,3
1360,4,4
3990,1,1
1165,4,1
4804,2,1
3987,3,4
2056,1,5
3825,3,5
4251,2,3
1774,3,3
1756,4,3
2519,1,4
1702,3,3
1485,4,1
1083,1,2
26,3,5
4480,4,5
4486,4,5
4737,2,4
2185,4,3
2220,2,1
1783,4,3
470,4,3
3718,1,2
1087,3,2
3591,4,5
4876,3,5
4169,4,3
4424,1,5
3514,4,3
4021,3,4
1962,4,3
4388,4,1
1253,1,3
1084,1,5
27,4,5
782,1,1
2813,2,2
4831,3,4
4489,2,1
2525,3,1
1673,3,3
1670,3,1
310,2,2
3969,3,1
1954,3,5
371,4,5
4361,3,1
397,1,5
3635,1,5
1555,4,1
3842,3,2
1407,2,5
52,4,1
476,2,2
4786,4,4
287,2,5
483,4,2
1263,1,5
3943,3,2
3000,4,2
3945,1,1
1462,1,1
3854,2,4
1026,2,5
3100,2,5
1404,3,2
1359,4,2
3915,4,3
696,1,5
1342,2,4
538,1,4
3679,2,3
4838,2,1
2370,3,2
4429,3,5
3066,3,2
3016,2,2
390,2,5
4497,3,5
4093,2,1
1998,2,3
423,1,2
916,4,2
2265,2,5
1018,1,3
1418,3,2
1784,2,1
1318,3,2
4225,4,1
598,2,1
1483,2,5
651,3,2
399,1,4
1825,2,2
151,4,3
169,1,4
3253,3,3
556,2,5
1791,4,2
2367,4,1
4393,1,5
4650,2,3
2330,3,5
357,4,1
2911,4,4
248,2,2
2161,1,2
1881,1,5
59,2,5
4100,1,5
3827,1,3
2880,1,2
2737,2,5
769,2,5
1916,4,5
1915,3,5
722,4,4
4911,3,5
4846,2,3
4502,4,3
2747,4,5
4879,1,3
2368,3,1
3386,3,5
1850,4,2
4031,4,2
3287,3,3
3134,4,1
2783,1,2
3547,2,5
2055,4,4
1703,3,5
1395,2,2
1650,3,4
4142,4,2
1315,4,5
565,4,4
4829,4,3
38,2,3
1917,2,4
3843,3,5
3055,2,1
849,3,3
413,3,5
2062,4,5
3953,1,3
3271,4,5
4940,1,3
1907,1,3
853,2,5
2608,4,1
3364,3,4
2711,3,3
4899,2,3
2751,4,3
1581,1,1
4310,3,5
3331,3,5
2300,4,4
1677,2,2
1669,3,5
4294,1,4
269,4,1
2562,2,5
3060,4,1
3446,3,3
3576,4,4
2787,3,1
4040,4,4
4793,3,1
2749,3,3
4685,2,4
3056,4,5
1438,2,1
2888,3,5
1300,2,2
1410,2,1
1437,3,5
2417,4,5
2062,1,1
3665,1,2
4615,1,5
1150,2,3
707,1,2
2746,2,1
646,4,2
3328,3,3
1356,4,2
3256,3,2
116,3,2
520,4,4
1000,1,2
3006,1,4
4305,4,1
2777,1,2
2321,4,4
3021,3,5
332,2,5
4880,4,2
2220,1,5
897,4,2
4711,2,2
918,3,3
1083,2,5
2398,4,3
4310,4,3
4562,4,5
3886,4,5
2299,2,1
2163,2,4
4275,2,4
2263,1,4
1713,2,4
2827,3,2
3546,4,1
3591,3,5
116,1,2
1389,3,5
1775,4,5
4309,1,1
3651,3,5
1722,1,2
1174,4,3
2118,4,4
3573,1,5
1977,3,3
1684,3,4
4784,2,3
3980,3,4
3117,4,2
211,4,4
2655,4,4
1863,1,3
1303,4,2
3104,1,4
3850,1,2
1409,4,1
1746,4,2
2165,2,5
4589,2,3
2515,1,1
3195,3,2
1101,3,1
1954,2,3
4917,1,3
4107,4,5
787,4,5
4921,3,1
363,3,2
4730,1,3
1153,1,3
1592,4,5
1607,3,5
1854,1,2
4655,1,2
1992,4,5
3621,3,4
4044,4,4
4944,1,3
1163,2,4
4390,4,4
2240,3,2
1747,4,2
416,3,1
1955,3,5
4342,4,5
1893,3,2
4457,2,3
523,1,4
3832,1,2
36,1,2
425,1,2
2516,4,2
2458,4,4
3037,3,4
886,4,4
4074,2,5
3740,3,4
2796,4,1
1123,1,3
3756,4,5
4104,2,1
2301,1,3
2015,1,4
1065,2,5
2127,2,1
4650,4,2
2178,3,5
3574,4,5
4758,4,4
219,2,2
3819,1,1
3481,1,5
3581,3,2
3877,1,2
3910,1,3
3024,1,2
1432,1,5
553,1,3
4230,4,1
3691,1,4
4706,2,3
4643,2,4
3710,4,2
2807,4,3
2237,1,5
1945,2,1
1572,4,2
2307,1,4
780,3,4
3751,1,1
640,4,3
2616,1,1
1832,3,3
4460,2,4
1150,4,4
2697,1,2
2614,2,1
2019,4,3
583,4,3
2534,1,4
4378,4,2
2723,1,5
1053,3,5
1864,1,1
4483,4,2
3147,1,2
4976,3,5
481,3,5
1224,1,5
783,3,5
4607,3,2
4099,2,3
2946,4,4
1817,2,5
2320,2,5
3445,2,2
3896,1,4
2648,4,4
1260,2,3
3375,2,1
3966,3,5
3105,3,1
1488,2,2
2410,3,3
2552,3,4
2330,1,1
3258,2,3
4496,3,1
2342,4,5
4117,2,3
1240,2,5
2828,3,1
2062,3,5
3468,3,2
2464,3,4
860,4,3
2589,2,1
4838,1,4
4690,3,5
3967,1,5
4416,4,1
2281,2,3
4921,4,5
2087,1,3
1920,2,4
4293,3,5
4365,4,3
3338,1,3
1126,3,3
3148,1,1
157,2,5
4890,3,5
1245,4,3
4082,4,5
2696,3,3
4482,2,3
3718,3,2
1897,1,1
1727,1,1
2374,4,5
1700,2,5
2251,3,5
1112,1,4
562,3,5
1533,2,3
313,1,4
52,2,5
126,3,5
1151,3,5
1022,1,3
4880,3,1
2972,2,3
4887,1,5
2617,4,3
4669,3,1
426,2,5
4786,1,4
2900,2,1
4383,4,1
1538,4,1
1152,2,3
1431,1,1
3414,3,5
661,4,1
488,1,2
885,1,4
3490,2,1
1409,2,3
1170,3,3
2262,1,1
2273,3,1
2566,4,4
4078,2,4
1914,3,1
3300,2,3
1358,2,3
3765,3,1
64,3,3
1969,3,4
2484,1,5
22,4,5
1930,1,1
3744,1,1
4035,1,4
1370,4,5
2666,1,1
3286,3,5
3040,1,4
4379,1,2
774,4,4
4558,2,1
2841,4,2
3999,2,2
812,4,4
4705,1,3
1654,2,4
627,4,4
1996,4,2
4022,1,2
4146,3,2
282,3,4
2319,3,2
2006,3,3
3041,1,5
3099,4,1
2555,4,5
1973,4,1
1933,1,1
4495,3,2
1915,1,3
2979,1,4
2533,3,2
789,4,4
3087,1,3
2469,2,4
1158,1,5
4416,1,4
3612,3,5
1175,1,1
1346,1,1
803,1,5
2042,1,2
326,2,4
11,3,1
3978,4,4
3223,3,2
2610,2,3
3194,4,1
2356,4,1
768,3,4
1790,4,3
2722,2,4
2124,3,5
1160,2,1
2674,3,2
925,2,2
4176,1,2
1137,1,3
3419,1,5
1438,4,3
3746,1,5
192,1,5
1250,3,5
1382,3,3
1243,3,4
1473,3,3
3581,2,5
514,3,1
113,4,4
1674,4,5
2644,1,5
376,1,4
3456,1,1
72,3,3
4990,4,4
1245,3,5
2761,3,2
831,3,1
4962,2,1
3064,3,1
4187,3,3
230,2,4
2645,3,4
223,2,3
625,4,2
1348,2,3
2861,3,5
900,2,1
2366,1,1
2594,4,5
4414,2,3
1763,1,4
3229,3,3
3632,3,2
2491,3,1
1568,2,3
459,3,3
3769,4,2
4565,3,4
627,1,5
1847,4,2
1312,1,3
4729,3,1
2614,4,1
2655,2,1
150,4,5
2209,4,5
4991,1,1
916,2,4
2045,2,4
2144,4,4
4136,1,5
1880,4,2
2012,1,2
2081,3,5
1236,4,1
3161,2,2
596,4,1
4267,3,1
2664,3,3
3062,1,5
1505,2,1
4144,4,4
4094,4,4
3685,1,1
4012,2,2
4055,3,1
1974,4,3
2443,3,2
4454,4,3
3023,3,2
3875,3,5
1388,4,5
2815,2,3
2520,3,1
3059,3,1
1753,1,3
44,1,1
3698,1,1
3164,2,3
3565,2,2
1435,2,2
3332,1,5
2624,4,3
361,3,2
2492,1,2
318,2,3
3460,2,5
4404,4,5
2394,2,2
3976,1,4
2454,1,4
3668,1,5
4397,2,4
1102,2,2
547,2,5
3806,1,4
4795,2,5
734,2,1
2191,4,3
837,3,2
1808,2,5
4533,1,4
817,3,2
4742,3,2
586,1,2
3208,2,5
2790,2,2
4987,3,2
3040,3,3
115,4,3
4354,4,4
667,2,4
232,4,2
1711,4,1
3175,3,3
70,2,3
4322,1,1
594,1,1
2316,2,5
1975,4,3
4322,3,4
2654,1,5
2978,1,4
836,1,5
730,1,2
2885,4,2
1669,1,1
4190,2,2
3031,2,4
4958,1,3
3316,1,5
1577,1,3
2172,3,4
607,4,2
1373,1,5
3671,4,1
2811,2,4
108,2,3
4329,2,3
4410,1,3
1368,3,1
2698,4,5
655,3,2
1604,4,1
1692,2,4
3112,4,3
1565,2,3
959,2,2
4818,2,2
4897,2,4
2166,1,3
2084,2,4
417,2,4
3655,1,1
702,3,4
290,1,4
3590,3,4
641,4,5
3445,3,3
1774,2,4
4524,2,1
4935,2,3
513,3,2
2086,1,2
3225,3,4
4243,2,3
1881,4,4
652,1,2
3078,3,3
1029,1,3
2468,1,5
2689,2,4
1451,2,4
4941,3,5
2980,2,4
646,3,1
2753,1,1
4983,2,2
4181,4,1
4186,4,1
3232,1,1
350,1,3
4334,4,5
238,2,2
4136,2,1
962,4,4
4696,1,5
1167,1,5
4432,4,3
3145,4,1
2867,2,4
1915,4,3
1828,4,2
445,2,2
4935,3,5
4190,4,1
4316,4,5
564,1,2
2104,2,3
809,4,2
3152,4,5
4123,4,1
2751,3,3
3837,2,4
3833,2,3
2809,4,1
3031,4,3
1595,4,4
4331,4,2
486,1,3
871,2,3
2561,3,4
2011,1,4
2351,4,2
4538,1,5
2672,4,2
2922,4,2
2588,1,3
883,2,4
2789,2,5
3246,4,1
1862,2,4
2248,3,2
4480,1,3
2130,3,3
4191,3,5
4613,2,4
2936,1,3
4575,4,2
503,2,3
504,3,4
1418,1,1
42,3,5
4131,3,5
3071,2,3
863,2,1
2058,3,4
1630,2,1
3045,3,4
3397,1,4
2026,3,1
2382,2,3
674,1,4
4398,2,4
1312,4,2
1483,4,5
444,4,4
3912,1,1
2983,4,5
2824,2,4
3828,4,5
4951,1,3
3834,4,5
2817,2,4
931,4,1
3792,2,4
3140,1,2
4337,1,3
4837,1,3
3399,1,3
500,4,4
3351,1,5
3931,3,3
4934,2,4
1339,2,2
596,2,4
2355,1,2
2256,1,3
2338,2,2
1545,1,4
4967,2,3
3292,1,4
3488,1,1
210,1,5
1873,3,2
2562,3,1
3694,4,2
357,1,1
2268,3,5
3976,3,1
319,2,1
2953,3,2
4125,4,5
3614,3,1
3812,3,1
1793,4,2
326,1,2
3927,1,4
597,2,2
539,2,4
3835,2,1
1967,2,4
3114,2,4
2445,3,1
2162,2,3
4635,4,1
2006,1,5
2819,4,1
2160,3,4
2167,2,5
2248,2,5
77,1,4
2220,3,5
4216,1,4
2451,3,4
3962,2,2
3689,1,5
1093,3,4
1069,1,5
492,3,4
4157,3,3
2053,4,4
2551,1,4
3727,1,3
4580,1,3
2596,3,1
545,2,2
4644,1,3
1853,3,5
661,3,2
3910,3,2
2785,2,5
414,1,1
1154,1,3
3036,4,5
3608,3,1
2629,2,3
724,3,4
4603,4,4
1993,2,4
3129,3,3
2334,1,4
3339,3,5
304,3,2
3501,4,2
3372,2,2
257,1,1
2995,2,5
4993,2,3
334,4,4
1932,2,2
3871,1,2
2023,1,1
126,2,4
3108,1,4
4270,1,2
1462,3,2
1694,3,5
2236,1,4
1243,4,1
60,4,4
1767,3,4
963,4,1
217,4,1
2384,3,4
4830,4,3
4864,2,5
1876,1,2
595,2,5
751,3,5
1601,3,5
2886,2,3
2587,3,4
2703,3,4
912,1,1
4367,2,1
361,2,1
3252,2,5
4481,4,4
824,4,1
4700,3,2
4933,1,3
681,3,1
3053,3,5
3378,1,1
812,3,4
3245,3,2
466,3,3
1698,4,5
2017,1,2
309,1,1
196,4,1
489,2,1
1108,2,4
3027,3,1
2880,4,5
2347,2,2
1620,1,1
1551,4,3
176,1,3
3502,1,3
3524,4,3
2931,3,4
4471,3,4
2033,3,5
1823,2,1
3719,1,3
3154,4,1
4830,1,1
2369,2,5
3543,1,3
3608,4,2
4298,4,4
2595,2,3
958,4,4
4267,1,2
2267,4,1
3128,1,4
4011,1,3
2428,1,5
442,4,5
3920,3,1
3423,1,3
915,3,2
2031,3,2
2228,1,1
4812,4,5
1645,4,4
4779,1,2
2668,4,4
2001,4,3
4428,3,2
2854,1,1
1804,3,5
113,1,2
1100,1,5
2440,4,1
267,4,3
4330,1,5
4757,4,3
1133,1,1
3859,4,5
4982,3,4
1998,4,2
1872,3,4
2975,2,5
139,4,3
314,2,3
352,1,1
2787,2,2
745,2,1
1461,2,5
1126,2,2
929,1,1
227,4,4
3994,4,1
920,2,3
3870,2,4
2218,1,3
1588,4,1
4130,3,1
974,1,5
2111,2,5
851,4,4
2707,1,5
750,3,5
4485,1,1
181,4,3
2684,1,2
1832,1,5
3329,2,5
1074,2,5
1359,1,4
4034,1,5
2467,1,4
4573,4,1
3101,3,3
4164,3,1
3363,3,3
3111,4,3
3609,2,3
2916,3,2
4120,2,2
2420,2,1
519,4,3
4269,3,5
2778,2,5
4975,2,4
4949,3,4
3049,4,1
1004,4,4
4745,2,2
451,1,2
2521,1,3
1272,4,1
4426,3,3
3070,1,1
3820,2,3
239,2,2
3182,3,4
4125,2,4
3459,3,1
4912,1,5
1695,1,1
4904,4,2
2185,3,2
446,2,3
818,2,1
4278,4,2
120,2,2
3759,3,1
4883,3,4
2101,1,1
4194,2,1
426,4,4
1241,1,5
3395,1,5
3844,2,2
4999,3,2
3396,3,3
917,2,2
2803,4,3
1916,2,5
2044,2,2
2623,2,4
1329,1,3
2767,4,5
1884,1,4
3617,3,3
1460,1,5
3715,3,5
486,4,5
420,2,2
3784,4,2
1421,3,4
4939,3,3
3413,3,3
1674,2,1
3353,2,5
4645,1,5
2099,4,1
419,3,5
909,1,2
3026,1,4
106,3,5
2466,4,3
4809,1,4
1797,3,4
1685,1,3
3977,1,2
4719,3,5
1269,1,4
330,2,5
4710,3,2
4938,2,3
1354,3,1
1869,4,2
278,1,4
359,4,2
880,2,3
4030,1,1
1545,4,2
4477,4,3
1168,2,2
1119,4,4
2887,1,3
4358,2,2
63,1,5
2808,2,4
2294,4,1
4281,1,3
2829,3,2
3875,2,4
1318,1,1
3020,3,5
4400,3,2
718,1,4
1088,2,1
1472,2,5
788,2,1
2935,4,1
1743,1,5
1575,3,5
1166,3,5
4781,2,5
3336,2,3
2722,3,3
4629,1,5
4366,2,3
743,3,5
4847,4,2
313,3,3
1655,2,4
3651,2,4
1332,3,2
369,3,5
3497,1,2
1682,1,3
3878,4,5
262,3,2
1526,2,1
4011,3,5
3633,1,2
2758,3,5
1530,1,4
3257,3,4
256,4,5
2856,1,3
2248,4,5
857,4,3
4492,3,1
3596,3,5
2195,3,4
110,3,4
4776,2,3
267,3,5
1057,3,3
629,1,5
3564,3,4
1683,2,2
4243,4,2
2028,2,2
4811,2,1
4811,1,2
3596,1,4
4807,2,1
3523,3,1
266,2,5
487,3,2
23,4,5
1059,2,1
2666,2,3
237,2,1
4888,1,1
4896,1,2
388,3,1
2519,4,1
3755,4,3
2528,2,3
1469,1,1
1210,1,3
952,2,4
1256,4,1
2000,4,3
947,3,4
2413,4,4
3033,3,1
3672,4,1
1076,2,2
3704,1,3
1719,2,3
4055,1,2
4281,4,4
2967,1,1
2356,2,4
4069,3,1
1816,1,2
4817,1,5
1400,4,5
4166,3,2
1808,4,2
591,4,4
698,2,4
4570,2,3
4002,3,4
3915,2,5
2305,1,5
1221,1,2
519,2,3
2317,1,1
3073,3,1
142,2,1
699,1,4
697,2,4
3335,4,1
725,1,4
737,4,1
1979,1,5
1043,4,2
1753,3,2
4333,3,2
2864,3,5
3411,3,5
4654,4,4
3075,1,2
4033,2,2
2499,4,1
2947,2,5
507,3,3
3702,4,1
4247,1,4
4915,2,3
103,4,3
1546,2,5
2201,4,1
2235,3,2
3225,2,2
2378,1,2
3613,4,4
1531,4,5
3365,2,3
2810,3,3
3486,3,5
3912,4,3
2995,3,2
563,2,5
3931,4,1
397,3,3
3599,3,1
1123,2,1
1850,2,5
961,2,3
200,2,5
3367,4,1
3232,4,1
4756,3,5
2461,4,1
563,4,4
4670,3,3
4422,1,4
1396,4,1
852,4,1
3339,1,1
3158,2,2
3954,4,4
2329,3,1
213,2,2
1531,1,2
1248,4,2
87,3,3
1687,3,5
3427,4,4
2963,2,3
1417,1,4
3887,3,5
3424,2,3
4375,3,1
3065,2,5
2775,1,2
4818,3,1
100,4,4
1893,2,5
3787,4,1
1563,1,2
4275,3,5
4432,2,3
92,2,4
1018,2,2
1920,3,3
1036,2,4
984,1,1
491,2,1
4627,3,1
32,3,4
2172,1,4
3628,3,4
742,4,1
717,4,5
2657,4,3
309,3,2
4605,2,2
1383,4,1
409,2,5
104,1,1
1509,3,5
582,4,2
775,4,5
346,1,1
258,3,2
2536,2,1
487,4,2
1312,3,2
4033,1,4
69,1,2
3510,1,1
1336,4,4
3823,3,3
2177,1,5
3861,4,1
3395,2,1
578,2,2
267,1,1
4657,3,2
1634,1,3
1228,4,5
2488,4,4
3369,2,3
1147,3,3
956,4,4
1547,3,4
2065,1,1
3162,2,1
3263,2,3
2355,3,5
1648,2,1
1029,4,1
1598,2,5
3363,1,1
635,3,5
2956,3,5
3275,4,2
1197,3,3
1047,2,5
2110,3,4
4368,4,5
4807,3,2
819,4,2
110,2,4
4850,4,3
716,3,2
4686,4,5
780,4,2
1130,1,3
3215,3,4
1232,1,4
3164,4,3
4504,2,3
3944,2,4
1665,1,3
4581,1,1
1538,3,2
4280,2,2
25,2,1
4439,4,1
3423,4,3
416,1,3
3863,1,4
303,3,4
982,2,1
2160,2,3
4513,2,3
2466,1,1
2444,3,4
2814,4,2
2383,1,4
1385,4,1
922,4,4
2104,3,4
4728,3,4
4798,4,1
2629,4,2
2450,3,4
4192,1,3
1180,3,4
1714,3,1
3326,4,3
1265,1,4
998,4,2
2503,1,1
2919,1,3
244,1,3
1804,1,2
430,4,2
4773,4,3
1425,3,5
2526,1,3
4045,3,2
4962,4,4
847,4,5
1045,2,2
1340,3,3
11,4,1
2764,3,2
2325,1,1
3041,3,1
4450,4,4
3740,2,1
4135,1,5
2835,2,5
2480,2,4
4779,4,4
2565,4,1
3631,2,4
3458,4,3
2871,4,5
4598,4,3
3911,1,1
4899,3,5
848,4,5
3942,3,2
2412,1,4
40,2,2
1511,4,2
1000,3,5
4870,4,5
4571,1,2
1244,2,5
1326,4,1
2965,4,4
2741,2,4
3595,1,5
3255,3,2
1741,2,2
4589,4,1
109,3,2
3853,1,4
1272,3,5
1920,1,5
2407,1,2
1143,2,3
1319,4,5
2473,2,4
190,4,1
767,4,2
999,1,5
2736,4,1
3205,1,3
2510,4,4
1363,4,2
1835,1,1
3575,1,5
1546,1,2
2939,3,2
3115,3,4
3154,3,4
2804,2,1
682,4,2
1246,2,1
4747,4,5
3086,2,5
2181,1,5
2672,2,5
2176,2,2
1580,1,1
2472,4,5
3556,2,5
3444,1,2
1861,4,3
830,4,3
872,2,4
4137,1,4
3926,3,4
2238,1,3
807,2,1
863,4,5
4872,4,4
1883,2,5
2232,2,3
4999,2,2
4364,3,5
4545,1,4
1204,1,1
3314,3,5
1227,4,5
942,3,1
982,3,5
3241,3,5
3485,4,4
2187,4,1
3842,2,5
2930,4,1
898,1,2
4108,3,3
4546,4,5
4720,2,4
3380,1,5
2721,4,1
3662,1,2
927,3,4
1693,4,3
270,3,1
2918,3,4
1888,3,3
4605,3,2
3189,1,4
3209,1,2
4223,3,5
3034,1,5
2696,4,5
432,1,2
4004,4,2
4684,2,2
1883,4,3
3526,4,3
4353,3,2
416,4,4
542,2,5
2837,2,2
2826,3,5
3855,1,2
469,1,5
818,3,4
885,3,3
317,1,3
3638,1,3
1157,1,4
3509,4,3
1015,1,2
4683,3,4
3501,1,3
4025,4,4
2118,3,2
2176,4,5
3306,4,5
2585,2,3
3465,1,1
3159,3,3
1840,3,3
3938,2,1
3776,3,4
3273,1,3
1080,2,2
3869,4,5
2187,3,2
1390,1,2
3810,4,1
389,3,5
435,2,2
3570,2,2
2190,2,1
218,3,3
2449,2,2
1720,4,1
4549,2,2
1040,3,5
2081,2,3
2336,4,3
3761,3,2
3283,4,4
3178,2,4
3055,3,2
3922,2,4
4688,3,5
1104,3,4
2393,3,2
88,4,3
4825,2,1
1055,1,2
103,3,3
4085,2,2
4921,1,2
2252,3,3
1986,1,4
3700,3,4
3494,3,1
174,3,1
3070,2,2
3818,1,2
2620,4,5
855,4,1
589,2,5
2063,1,4
4497,1,3
3248,3,2
4576,3,3
4538,2,1
1167,3,3
3511,4,1
746,1,3
4287,2,4
1107,3,2
1582,1,5
3484,2,3
3576,2,4
4335,3,3
95,1,2
3397,2,4
729,2,3
1463,2,4
4573,2,4
510,4,2
3747,2,3
2444,1,1
4711,1,4
1591,3,5
4645,2,2
370,4,3
987,1,5
521,4,1
4459,3,3
3338,4,4
4886,2,4
3538,4,5
2060,4,1
2493,3,5
3149,2,5
1355,3,5
2223,1,2
2578,1,4
425,3,5
1805,4,3
3728,3,4
3991,2,2
2522,3,1
68,1,5
1208,2,5
1321,3,3
4449,3,2
4924,1,3
1892,3,1
2908,1,3
37,4,5
358,2,2
2165,3,5
4274,2,1
4435,2,1
966,1,1
2795,4,5
4229,4,2
112,1,4
4975,4,3
693,3,4
64,2,5
1938,2,3
2102,1,1
4246,4,3
32,4,2
3615,2,1
90,2,5
3918,1,5
900,4,3
4183,3,5
2606,4,1
1625,3,4
1408,1,2
2206,4,4
2710,2,4
3667,2,3
519,1,1
3452,2,1
638,1,1
18,4,4
440,4,5
1213,3,2
3039,1,1
1155,1,2
3242,4,3
4251,3,1
776,4,4
1977,4,1
1765,4,1
3736,2,2
2080,1,2
1989,1,2
293,4,3
3417,3,2
4450,2,3
4042,3,1
3241,2,3
1160,1,3
2946,1,3
1242,1,2
2846,1,5
864,1,3
4372,1,5
4118,3,4
508,2,3
2384,4,1
1025,2,3
1752,1,3
3611,2,5
1642,1,3
1003,2,5
4937,1,2
685,1,3
4411,4,4
2606,1,3
148,1,1
2,4,2
1406,4,1
483,3,4
2938,3,3
2612,4,2
1066,1,5
1005,2,1
3203,1,1
4298,2,3
3025,1,3
3727,4,3
3953,3,4
2622,3,5
1936,3,1
1210,3,5
916,1,1
2519,2,1
1136,1,2
2323,3,2
1950,3,4
2558,2,5
3628,4,2
251,2,4
2747,1,2
4782,1,3
175,4,5
598,3,4
1256,3,4
2406,1,5
4437,2,2
1221,4,5
437,3,1
3728,2,1
4142,1,1
4622,3,3
4223,1,1
1197,1,2
1999,1,1
2178,2,1
1322,4,4
955,2,1
3043,2,2
809,2,1
3484,4,5
2295,4,1
2826,2,5
3578,3,2
2196,3,1
4466,4,1
1940,2,2
3393,4,5
599,3,1
4713,2,5
155,2,2
894,1,5
441,3,1
495,2,1
2751,1,5
3937,1,3
4436,2,5
1343,3,4
4867,3,3
772,4,4
2772,3,1
1415,2,2
2284,4,4
1584,2,2
3712,3,4
2587,1,5
872,1,1
183,1,1
2942,1,1
851,2,1
2763,3,4
304,1,2
1296,2,4
3850,4,2
4566,2,3
4642,4,3
4097,2,5
4875,3,3
270,4,2
3611,3,5
1677,4,1
4701,2,2
4317,4,2
756,1,5
3442,2,3
3320,2,4
4091,1,5
3144,3,3
3210,3,1
2780,1,4
1069,3,1
1944,1,1
4738,3,3
1486,3,3
854,4,5
1912,4,1
4805,1,2
1266,3,1
1178,2,4
2627,1,4
4172,1,1
628,3,2
4913,2,4
4836,1,3
4472,4,3
2559,4,3
2224,4,5
3345,3,2
4692,3,3
943,1,4
4850,1,2
3795,1,4
4107,3,5
476,4,2
3398,1,3
4238,3,2
4634,1,2
457,2,3
4736,3,5
287,4,1
3892,4,1
1281,4,5
4623,2,2
2689,4,2
4759,2,5
4333,4,1
2898,1,2
2789,1,4
4799,4,5
2632,4,3
4738,1,1
1897,3,4
486,2,1
1818,2,3
1636,1,5
4901,4,2
4507,2,3
371,3,1
4530,1,1
2937,1,4
325,4,5
1781,2,1
4362,4,4
4936,3,1
4915,4,4
3704,2,4
2125,2,3
4468,1,5
11,2,2
3936,3,5
2966,4,2
3554,1,5
1249,3,4
3236,4,5
2366,3,1
4709,4,2
4378,1,5
101,3,4
3153,4,5
2722,1,1
799,4,5
878,3,1
4183,1,2
2100,1,2
2527,4,3
3007,1,4
3567,1,4
4350,3,2
4381,1,3
129,2,4
2246,1,1
2144,2,4
3786,2,4
4535,2,3
342,2,4
382,1,3
3300,4,5
1607,1,2
2844,2,5
3017,1,3
198,3,4
4032,1,3
4430,2,1
2500,1,1
3808,2,5
4108,4,4
2840,4,1
753,4,4
2519,3,5
576,1,3
4933,4,2
2833,2,2
4363,4,1
138,4,5
4980,3,3
461,2,2
2010,2,1
776,2,4
3131,1,4
180,4,1
1870,4,4
4568,4,4
2702,2,3
1384,4,2
86,2,3
4486,1,2
604,3,5
4964,2,1
2737,1,1
256,1,1
3802,1,3
4094,1,4
2636,1,1
1056,1,4
2221,2,2
2235,2,5
3260,1,1
913,1,1
1978,4,2
3445,4,4
2699,4,2
1453,3,4
500,1,2
4168,1,2
2260,2,4
711,2,3
2746,1,4
2164,2,5
1847,2,2
1610,3,2
2188,4,2
1555,1,4
3530,4,2
769,1,2
4058,4,4
3042,1,1
3896,2,4
1002,3,5
2000,3,2
389,2,2
797,1,4
3708,2,5
3047,2,1
2638,1,1
1939,1,1
1253,4,4
4050,1,3
4025,3,4
1724,3,2
4162,2,4
1682,4,1
2253,3,2
871,4,3
4596,4,1
410,3,5
4407,2,3
310,1,4
1870,3,4
2894,1,3
3113,1,2
79,4,5
2411,1,5
219,4,4
3304,2,3
1380,1,5
4477,1,5
1377,4,2
1750,1,3
2915,3,4
2424,2,2
4162,1,5
3127,4,4
4879,4,1
